{
	"/(logged-out)": [
		"src/routes/(logged-out)/+layout.ts",
		"src/routes/+layout.ts"
	],
	"/(logged-in)": [
		"src/routes/(logged-in)/+layout.ts",
		"src/routes/+layout.ts"
	],
	"/(admin-panel)": [
		"src/routes/(admin-panel)/+layout.server.ts",
		"src/routes/+layout.ts"
	],
	"/": [
		"src/routes/+layout.ts",
		"src/routes/+layout.ts"
	],
	"/(admin-panel)/admin": [
		"src/routes/(admin-panel)/+layout.server.ts",
		"src/routes/+layout.ts"
	],
	"/details": [
		"src/routes/+layout.ts"
	],
	"/(logged-out)/login": [
		"src/routes/(logged-out)/+layout.ts",
		"src/routes/+layout.ts"
	],
	"/(logged-in)/profile": [
		"src/routes/(logged-in)/+layout.ts",
		"src/routes/+layout.ts"
	],
	"/(logged-out)/register": [
		"src/routes/(logged-out)/+layout.ts",
		"src/routes/+layout.ts"
	],
	"/reservation-confirmation": [
		"src/routes/+layout.ts"
	],
	"/rooms": [
		"src/routes/rooms/+page.ts",
		"src/routes/+layout.ts"
	],
	"/rooms/room-[id]": [
		"src/routes/rooms/room-[id]/+page.ts",
		"src/routes/+layout.ts"
	],
	"/test/(auth)": [
		"src/routes/test/(auth)/+page.ts",
		"src/routes/+layout.ts"
	],
	"/test/contact": [
		"src/routes/test/contact/+page.ts",
		"src/routes/+layout.ts"
	],
	"/test/contact/post": [
		"src/routes/+layout.ts"
	],
	"/test/contact/[id]": [
		"src/routes/test/contact/[id]/+page.ts",
		"src/routes/+layout.ts"
	],
	"/test/rooms": [
		"src/routes/test/rooms/+page.ts",
		"src/routes/+layout.ts"
	],
	"/test/rooms/[id]": [
		"src/routes/test/rooms/[id]/+page.ts",
		"src/routes/+layout.ts"
	],
	"/toon": [
		"src/routes/+layout.ts"
	]
}